<?xml version="1.0"?>
<!--<!DOCTYPE metadata SYSTEM "http://www.esri.com/metadata/esriprof80.dtd">-->
<metadata xml:lang="en"><Esri><CreaDate>20080710</CreaDate><CreaTime>11163000</CreaTime><SyncOnce>FALSE</SyncOnce><SyncDate>20080414</SyncDate><SyncTime>11293500</SyncTime><ModDate>20080414</ModDate><ModTime>11293500</ModTime><DataProperties><lineage><Process Name="Erase_2" ToolSource="C:\Program Files\ArcGIS\ArcToolbox\Toolboxes\Analysis Tools.tbx\Erase" Date="20080218" Time="154424">Erase 625k_V5_BEDROCK_Geology_Polygons_unclipped 625k_new_mask W:\PP\CartoSouth\Data\Geo625k\V5\Database\arcview\625k_V5_BEDROCK_Geology_Poly.shp "0.001 Meters"</Process><Process Name="MultipartToSinglepart_1" ToolSource="C:\Program Files\ArcGIS\ArcToolbox\Toolboxes\Data Management Tools.tbx\MultipartToSinglepart" Date="20080219" Time="123239">MultipartToSinglepart 625k_V5_BEDROCK_Geology_Polygons W:\IP\DiGMapGB_Project\Data\625k\v5_17\arcview\625k_V5_BEDROCK_Geology_SinglePoly.shp</Process><Process Name="Merge_3" ToolSource="C:\Program Files\ArcGIS\ArcToolbox\Toolboxes\Data Management Tools.tbx\Merge" Date="20080403" Time="154424">Merge 625k_V5_Geology\625k_V5_BEDROCK_Geology_SinglePoly;625k_V5_Geology\625k_V5_DYKES_Geology_Polygons C:\arcgis\625k\625k_V5_BEDROCK_DYKES_Geology_SinglePoly.shp "LEX LEX true false false 5 Text 0 0 ,First,#,625k_V5_Geology\625k_V5_BEDROCK_Geology_SinglePoly,LEX,-1,-1,625k_V5_Geology\625k_V5_DYKES_Geology_Polygons,LEX,-1,-1;LEX_D LEX_D true false false 200 Text 0 0 ,First,#,625k_V5_Geology\625k_V5_BEDROCK_Geology_SinglePoly,LEX_D,-1,-1,625k_V5_Geology\625k_V5_DYKES_Geology_Polygons,LEX_D,-1,-1;LEX_RCS LEX_RCS true false false 12 Text 0 0 ,First,#,625k_V5_Geology\625k_V5_BEDROCK_Geology_SinglePoly,LEX_RCS,-1,-1,625k_V5_Geology\625k_V5_DYKES_Geology_Polygons,LEX_RCS,-1,-1;RCS RCS true false false 6 Text 0 0 ,First,#,625k_V5_Geology\625k_V5_BEDROCK_Geology_SinglePoly,RCS,-1,-1,625k_V5_Geology\625k_V5_DYKES_Geology_Polygons,RCS,-1,-1;RCS_X RCS_X true false false 50 Text 0 0 ,First,#,625k_V5_Geology\625k_V5_BEDROCK_Geology_SinglePoly,RCS_X,-1,-1,625k_V5_Geology\625k_V5_DYKES_Geology_Polygons,RCS_X,-1,-1;RCS_D RCS_D true false false 200 Text 0 0 ,First,#,625k_V5_Geology\625k_V5_BEDROCK_Geology_SinglePoly,RCS_D,-1,-1,625k_V5_Geology\625k_V5_DYKES_Geology_Polygons,RCS_D,-1,-1;RANK RANK true false false 16 Text 0 0 ,First,#,625k_V5_Geology\625k_V5_BEDROCK_Geology_SinglePoly,RANK,-1,-1,625k_V5_Geology\625k_V5_DYKES_Geology_Polygons,RANK,-1,-1;BED_EQ BED_EQ true false false 5 Text 0 0 ,First,#,625k_V5_Geology\625k_V5_BEDROCK_Geology_SinglePoly,BED_EQ,-1,-1,625k_V5_Geology\625k_V5_DYKES_Geology_Polygons,BED_EQ,-1,-1;BED_EQ_D BED_EQ_D true false false 200 Text 0 0 ,First,#,625k_V5_Geology\625k_V5_BEDROCK_Geology_SinglePoly,BED_EQ_D,-1,-1,625k_V5_Geology\625k_V5_DYKES_Geology_Polygons,BED_EQ_D,-1,-1;MB_EQ MB_EQ true false false 5 Text 0 0 ,First,#,625k_V5_Geology\625k_V5_BEDROCK_Geology_SinglePoly,MB_EQ,-1,-1,625k_V5_Geology\625k_V5_DYKES_Geology_Polygons,MB_EQ,-1,-1;MB_EQ_D MB_EQ_D true false false 200 Text 0 0 ,First,#,625k_V5_Geology\625k_V5_BEDROCK_Geology_SinglePoly,MB_EQ_D,-1,-1,625k_V5_Geology\625k_V5_DYKES_Geology_Polygons,MB_EQ_D,-1,-1;FM_EQ FM_EQ true false false 5 Text 0 0 ,First,#,625k_V5_Geology\625k_V5_BEDROCK_Geology_SinglePoly,FM_EQ,-1,-1,625k_V5_Geology\625k_V5_DYKES_Geology_Polygons,FM_EQ,-1,-1;FM_EQ_D FM_EQ_D true false false 200 Text 0 0 ,First,#,625k_V5_Geology\625k_V5_BEDROCK_Geology_SinglePoly,FM_EQ_D,-1,-1,625k_V5_Geology\625k_V5_DYKES_Geology_Polygons,FM_EQ_D,-1,-1;SUBGP_EQ SUBGP_EQ true false false 5 Text 0 0 ,First,#,625k_V5_Geology\625k_V5_BEDROCK_Geology_SinglePoly,SUBGP_EQ,-1,-1,625k_V5_Geology\625k_V5_DYKES_Geology_Polygons,SUBGP_EQ,-1,-1;SUBGP_EQ_D SUBGP_EQ_D true false false 200 Text 0 0 ,First,#,625k_V5_Geology\625k_V5_BEDROCK_Geology_SinglePoly,SUBGP_EQ_D,-1,-1,625k_V5_Geology\625k_V5_DYKES_Geology_Polygons,SUBGP_EQ_D,-1,-1;GP_EQ GP_EQ true false false 5 Text 0 0 ,First,#,625k_V5_Geology\625k_V5_BEDROCK_Geology_SinglePoly,GP_EQ,-1,-1,625k_V5_Geology\625k_V5_DYKES_Geology_Polygons,GP_EQ,-1,-1;GP_EQ_D GP_EQ_D true false false 200 Text 0 0 ,First,#,625k_V5_Geology\625k_V5_BEDROCK_Geology_SinglePoly,GP_EQ_D,-1,-1,625k_V5_Geology\625k_V5_DYKES_Geology_Polygons,GP_EQ_D,-1,-1;SUPGP_EQ SUPGP_EQ true false false 5 Text 0 0 ,First,#,625k_V5_Geology\625k_V5_BEDROCK_Geology_SinglePoly,SUPGP_EQ,-1,-1,625k_V5_Geology\625k_V5_DYKES_Geology_Polygons,SUPGP_EQ,-1,-1;SUPGP_EQ_D SUPGP_EQ_D true false false 200 Text 0 0 ,First,#,625k_V5_Geology\625k_V5_BEDROCK_Geology_SinglePoly,SUPGP_EQ_D,-1,-1,625k_V5_Geology\625k_V5_DYKES_Geology_Polygons,SUPGP_EQ_D,-1,-1;MAX_TIME_D MAX_TIME_D true false false 32 Text 0 0 ,First,#,625k_V5_Geology\625k_V5_BEDROCK_Geology_SinglePoly,MAX_TIME_D,-1,-1,625k_V5_Geology\625k_V5_DYKES_Geology_Polygons,MAX_TIME_D,-1,-1;MIN_TIME_D MIN_TIME_D true false false 32 Text 0 0 ,First,#,625k_V5_Geology\625k_V5_BEDROCK_Geology_SinglePoly,MIN_TIME_D,-1,-1,625k_V5_Geology\625k_V5_DYKES_Geology_Polygons,MIN_TIME_D,-1,-1;MAX_TIME_Y MAX_TIME_Y true false false 10 Double 0 10 ,First,#,625k_V5_Geology\625k_V5_BEDROCK_Geology_SinglePoly,MAX_TIME_Y,-1,-1,625k_V5_Geology\625k_V5_DYKES_Geology_Polygons,MAX_TIME_Y,-1,-1;MIN_TIME_Y MIN_TIME_Y true false false 10 Double 0 10 ,First,#,625k_V5_Geology\625k_V5_BEDROCK_Geology_SinglePoly,MIN_TIME_Y,-1,-1,625k_V5_Geology\625k_V5_DYKES_Geology_Polygons,MIN_TIME_Y,-1,-1;MAX_INDEX MAX_INDEX true false false 10 Double 0 10 ,First,#,625k_V5_Geology\625k_V5_BEDROCK_Geology_SinglePoly,MAX_INDEX,-1,-1,625k_V5_Geology\625k_V5_DYKES_Geology_Polygons,MAX_INDEX,-1,-1;MIN_INDEX MIN_INDEX true false false 10 Double 0 10 ,First,#,625k_V5_Geology\625k_V5_BEDROCK_Geology_SinglePoly,MIN_INDEX,-1,-1,625k_V5_Geology\625k_V5_DYKES_Geology_Polygons,MIN_INDEX,-1,-1;MAX_AGE MAX_AGE true false false 32 Text 0 0 ,First,#,625k_V5_Geology\625k_V5_BEDROCK_Geology_SinglePoly,MAX_AGE,-1,-1,625k_V5_Geology\625k_V5_DYKES_Geology_Polygons,MAX_AGE,-1,-1;MIN_AGE MIN_AGE true false false 32 Text 0 0 ,First,#,625k_V5_Geology\625k_V5_BEDROCK_Geology_SinglePoly,MIN_AGE,-1,-1,625k_V5_Geology\625k_V5_DYKES_Geology_Polygons,MIN_AGE,-1,-1;MAX_EPOCH MAX_EPOCH true false false 32 Text 0 0 ,First,#,625k_V5_Geology\625k_V5_BEDROCK_Geology_SinglePoly,MAX_EPOCH,-1,-1,625k_V5_Geology\625k_V5_DYKES_Geology_Polygons,MAX_EPOCH,-1,-1;MIN_EPOCH MIN_EPOCH true false false 32 Text 0 0 ,First,#,625k_V5_Geology\625k_V5_BEDROCK_Geology_SinglePoly,MIN_EPOCH,-1,-1,625k_V5_Geology\625k_V5_DYKES_Geology_Polygons,MIN_EPOCH,-1,-1;MAX_SUBPER MAX_SUBPER true false false 32 Text 0 0 ,First,#,625k_V5_Geology\625k_V5_BEDROCK_Geology_SinglePoly,MAX_SUBPER,-1,-1,625k_V5_Geology\625k_V5_DYKES_Geology_Polygons,MAX_SUBPER,-1,-1;MIN_SUBPER MIN_SUBPER true false false 32 Text 0 0 ,First,#,625k_V5_Geology\625k_V5_BEDROCK_Geology_SinglePoly,MIN_SUBPER,-1,-1,625k_V5_Geology\625k_V5_DYKES_Geology_Polygons,MIN_SUBPER,-1,-1;MAX_PERIOD MAX_PERIOD true false false 32 Text 0 0 ,First,#,625k_V5_Geology\625k_V5_BEDROCK_Geology_SinglePoly,MAX_PERIOD,-1,-1,625k_V5_Geology\625k_V5_DYKES_Geology_Polygons,MAX_PERIOD,-1,-1;MIN_PERIOD MIN_PERIOD true false false 32 Text 0 0 ,First,#,625k_V5_Geology\625k_V5_BEDROCK_Geology_SinglePoly,MIN_PERIOD,-1,-1,625k_V5_Geology\625k_V5_DYKES_Geology_Polygons,MIN_PERIOD,-1,-1;MAX_ERA MAX_ERA true false false 32 Text 0 0 ,First,#,625k_V5_Geology\625k_V5_BEDROCK_Geology_SinglePoly,MAX_ERA,-1,-1,625k_V5_Geology\625k_V5_DYKES_Geology_Polygons,MAX_ERA,-1,-1;MIN_ERA MIN_ERA true false false 32 Text 0 0 ,First,#,625k_V5_Geology\625k_V5_BEDROCK_Geology_SinglePoly,MIN_ERA,-1,-1,625k_V5_Geology\625k_V5_DYKES_Geology_Polygons,MIN_ERA,-1,-1;MAX_EON MAX_EON true false false 32 Text 0 0 ,First,#,625k_V5_Geology\625k_V5_BEDROCK_Geology_SinglePoly,MAX_EON,-1,-1,625k_V5_Geology\625k_V5_DYKES_Geology_Polygons,MAX_EON,-1,-1;MIN_EON MIN_EON true false false 32 Text 0 0 ,First,#,625k_V5_Geology\625k_V5_BEDROCK_Geology_SinglePoly,MIN_EON,-1,-1,625k_V5_Geology\625k_V5_DYKES_Geology_Polygons,MIN_EON,-1,-1;PREV_NAME PREV_NAME true false false 250 Text 0 0 ,First,#,625k_V5_Geology\625k_V5_BEDROCK_Geology_SinglePoly,PREV_NAME,-1,-1,625k_V5_Geology\625k_V5_DYKES_Geology_Polygons,PREV_NAME,-1,-1;BGSTYPE BGSTYPE true false false 32 Text 0 0 ,First,#,625k_V5_Geology\625k_V5_BEDROCK_Geology_SinglePoly,BGSTYPE,-1,-1,625k_V5_Geology\625k_V5_DYKES_Geology_Polygons,BGSTYPE,-1,-1;LEX_RCS_I LEX_RCS_I true false false 20 Text 0 0 ,First,#,625k_V5_Geology\625k_V5_BEDROCK_Geology_SinglePoly,LEX_RCS_I,-1,-1,625k_V5_Geology\625k_V5_DYKES_Geology_Polygons,LEX_RCS_I,-1,-1;LEX_RCS_D LEX_RCS_D true false false 100 Text 0 0 ,First,#,625k_V5_Geology\625k_V5_BEDROCK_Geology_SinglePoly,LEX_RCS_D,-1,-1,625k_V5_Geology\625k_V5_DYKES_Geology_Polygons,LEX_RCS_D,-1,-1;MAP_CODE MAP_CODE true false false 10 Text 0 0 ,First,#,625k_V5_Geology\625k_V5_BEDROCK_Geology_SinglePoly,MAP_CODE,-1,-1,625k_V5_Geology\625k_V5_DYKES_Geology_Polygons,MAP_CODE,-1,-1;AGE_ONEGL AGE_ONEGL true false false 32 Text 0 0 ,First,#,625k_V5_Geology\625k_V5_BEDROCK_Geology_SinglePoly,AGE_ONEGL,-1,-1,625k_V5_Geology\625k_V5_DYKES_Geology_Polygons,AGE_ONEGL,-1,-1;BGSREF BGSREF true false false 10 Double 0 10 ,First,#,625k_V5_Geology\625k_V5_BEDROCK_Geology_SinglePoly,BGSREF,-1,-1,625k_V5_Geology\625k_V5_DYKES_Geology_Polygons,BGSREF,-1,-1;BGSREF_LEX BGSREF_LEX true false false 10 Double 0 10 ,First,#,625k_V5_Geology\625k_V5_BEDROCK_Geology_SinglePoly,BGSREF_LEX,-1,-1,625k_V5_Geology\625k_V5_DYKES_Geology_Polygons,BGSREF_LEX,-1,-1;BGSREF_FM BGSREF_FM true false false 10 Double 0 10 ,First,#,625k_V5_Geology\625k_V5_BEDROCK_Geology_SinglePoly,BGSREF_FM,-1,-1,625k_V5_Geology\625k_V5_DYKES_Geology_Polygons,BGSREF_FM,-1,-1;BGSREF_GP BGSREF_GP true false false 10 Double 0 10 ,First,#,625k_V5_Geology\625k_V5_BEDROCK_Geology_SinglePoly,BGSREF_GP,-1,-1,625k_V5_Geology\625k_V5_DYKES_Geology_Polygons,BGSREF_GP,-1,-1;BGSREF_RK BGSREF_RK true false false 10 Double 0 10 ,First,#,625k_V5_Geology\625k_V5_BEDROCK_Geology_SinglePoly,BGSREF_RK,-1,-1,625k_V5_Geology\625k_V5_DYKES_Geology_Polygons,BGSREF_RK,-1,-1;SHEET SHEET true false false 60 Text 0 0 ,First,#,625k_V5_Geology\625k_V5_BEDROCK_Geology_SinglePoly,SHEET,-1,-1,625k_V5_Geology\625k_V5_DYKES_Geology_Polygons,SHEET,-1,-1;VERSION VERSION true false false 10 Text 0 0 ,First,#,625k_V5_Geology\625k_V5_BEDROCK_Geology_SinglePoly,VERSION,-1,-1,625k_V5_Geology\625k_V5_DYKES_Geology_Polygons,VERSION,-1,-1;RELEASED RELEASED true false false 10 Text 0 0 ,First,#,625k_V5_Geology\625k_V5_BEDROCK_Geology_SinglePoly,RELEASED,-1,-1,625k_V5_Geology\625k_V5_DYKES_Geology_Polygons,RELEASED,-1,-1;NOM_SCALE NOM_SCALE true false false 10 Text 0 0 ,First,#,625k_V5_Geology\625k_V5_BEDROCK_Geology_SinglePoly,NOM_SCALE,-1,-1,625k_V5_Geology\625k_V5_DYKES_Geology_Polygons,NOM_SCALE,-1,-1;NOM_OS_YR NOM_OS_YR true false false 10 Text 0 0 ,First,#,625k_V5_Geology\625k_V5_BEDROCK_Geology_SinglePoly,NOM_OS_YR,-1,-1,625k_V5_Geology\625k_V5_DYKES_Geology_Polygons,NOM_OS_YR,-1,-1;NOM_BGS_YR NOM_BGS_YR true false false 10 Text 0 0 ,First,#,625k_V5_Geology\625k_V5_BEDROCK_Geology_SinglePoly,NOM_BGS_YR,-1,-1,625k_V5_Geology\625k_V5_DYKES_Geology_Polygons,NOM_BGS_YR,-1,-1;MSLINK MSLINK true false false 10 Double 0 10 ,First,#,625k_V5_Geology\625k_V5_BEDROCK_Geology_SinglePoly,MSLINK,-1,-1,625k_V5_Geology\625k_V5_DYKES_Geology_Polygons,MSLINK,-1,-1"</Process></lineage></DataProperties><MetaID>{53A41438-204C-46EB-AFEE-F4E7C4D474C0}</MetaID></Esri><idinfo><native Sync="TRUE">Microsoft Windows XP Version 5.1 (Build 2600) Service Pack 2; ESRI ArcCatalog 9.2.0.1324</native><descript><langdata Sync="TRUE">en</langdata><abstract>BGS 1:625000 scale BEDROCK GEOLOGY UK</abstract><purpose>Digital geological dataset depicting the bedrock geology of the United Kingdom at surface/rock head.</purpose></descript><citation><citeinfo><origin>R Addison</origin><pubdate>18th Feb 2008</pubdate><title Sync="TRUE">bedrock625ll</title><ftname Sync="TRUE">bedrock625ll</ftname><geoform Sync="TRUE">vector digital data</geoform><onlink Sync="TRUE">\\KWP151240\E$\temp\data\bedrock625llCopy</onlink><origin>J D Floyd</origin><origin>A Smith</origin><origin>A Myers</origin></citeinfo></citation><timeperd><current>publication date</current><timeinfo><sngdate><caldate>18th Feb 2008</caldate></sngdate></timeinfo></timeperd><status><progress>Complete</progress><update>As needed</update></status><spdom><bounding><westbc Sync="TRUE">-8.648463</westbc><eastbc Sync="TRUE">1.767673</eastbc><northbc Sync="TRUE">60.861176</northbc><southbc Sync="TRUE">49.863792</southbc></bounding><lboundng><leftbc Sync="TRUE">-8.648463</leftbc><rightbc Sync="TRUE">1.767673</rightbc><bottombc Sync="TRUE">49.863792</bottombc><topbc Sync="TRUE">60.861176</topbc></lboundng></spdom><keywords><theme><themekt>BEDROCK SOLID 1:625000 625k</themekt><themekey>BEDROCK GEOLOGY</themekey></theme></keywords><accconst>Copyright NERC 2008. </accconst><useconst>As defined by license.</useconst><natvform Sync="TRUE">Shapefile</natvform><ptcontac><cntinfo><cntperp><cntper>A Myers</cntper><cntorg>British Geological Survey</cntorg></cntperp><cntaddr><addrtype>mailing address</addrtype></cntaddr></cntinfo></ptcontac></idinfo><dataIdInfo><envirDesc Sync="TRUE">Microsoft Windows XP Version 5.1 (Build 2600) Service Pack 2; ESRI ArcCatalog 9.2.0.1324</envirDesc><dataLang><languageCode Sync="TRUE" value="en"></languageCode></dataLang><idCitation><resTitle Sync="TRUE">bedrock625ll</resTitle><presForm><PresFormCd Sync="TRUE" value="005"></PresFormCd></presForm></idCitation><spatRpType><SpatRepTypCd Sync="TRUE" value="001"></SpatRepTypCd></spatRpType><dataExt><geoEle><GeoBndBox esriExtentType="native"><westBL Sync="TRUE">-8.648463</westBL><eastBL Sync="TRUE">1.767673</eastBL><northBL Sync="TRUE">60.861176</northBL><southBL Sync="TRUE">49.863792</southBL><exTypeCode Sync="TRUE">1</exTypeCode></GeoBndBox></geoEle></dataExt><geoBox esriExtentType="decdegrees"><westBL Sync="TRUE">-8.648463</westBL><eastBL Sync="TRUE">1.767673</eastBL><northBL Sync="TRUE">60.861176</northBL><southBL Sync="TRUE">49.863792</southBL><exTypeCode Sync="TRUE">1</exTypeCode></geoBox></dataIdInfo><metainfo><langmeta Sync="TRUE">en</langmeta><metstdn Sync="TRUE">FGDC Content Standards for Digital Geospatial Metadata</metstdn><metstdv Sync="TRUE">FGDC-STD-001-1998</metstdv><mettc Sync="TRUE">local time</mettc><metc><cntinfo><cntorgp><cntper>A Myers</cntper><cntorg>British Geological Survey</cntorg></cntorgp><cntaddr><addrtype>mailing address</addrtype><city>Keyworth</city><state>Nottingham</state><postal>NG12 5GG</postal><country>UK</country></cntaddr><cntvoice>011159363100</cntvoice></cntinfo></metc><metd Sync="TRUE">20080414</metd><metextns><onlink Sync="TRUE">http://www.esri.com/metadata/esriprof80.html</onlink><metprof Sync="TRUE">ESRI Metadata Profile</metprof></metextns></metainfo><mdLang><languageCode Sync="TRUE" value="en"></languageCode></mdLang><mdStanName Sync="TRUE">ISO 19115 Geographic Information - Metadata</mdStanName><mdStanVer Sync="TRUE">DIS_ESRI1.0</mdStanVer><mdChar><CharSetCd Sync="TRUE" value="004"></CharSetCd></mdChar><mdHrLv><ScopeCd Sync="TRUE" value="005"></ScopeCd></mdHrLv><mdHrLvName Sync="TRUE">dataset</mdHrLvName><distinfo><resdesc Sync="TRUE">Downloadable Data</resdesc><stdorder><digform><digtinfo><transize Sync="TRUE">14.065</transize><dssize Sync="TRUE">14.065</dssize></digtinfo></digform></stdorder></distinfo><distInfo><distributor><distorTran><onLineSrc><orDesc Sync="TRUE">002</orDesc><linkage Sync="TRUE">file://\\KWP151240\E$\temp\data\bedrock625llCopy</linkage><protocol Sync="TRUE">Local Area Network</protocol></onLineSrc><transSize Sync="TRUE">14.065</transSize></distorTran><distorFormat><formatName Sync="TRUE">Shapefile</formatName></distorFormat></distributor></distInfo><spdoinfo><direct Sync="TRUE">Vector</direct><ptvctinf><esriterm Name="bedrock625ll"><efeatyp Sync="TRUE">Simple</efeatyp><efeageom Sync="TRUE">Polygon</efeageom><esritopo Sync="TRUE">FALSE</esritopo><efeacnt Sync="TRUE">14507</efeacnt><spindex Sync="TRUE">FALSE</spindex><linrefer Sync="TRUE">FALSE</linrefer></esriterm><sdtsterm Name="bedrock625ll"><sdtstype Sync="TRUE">G-polygon</sdtstype><ptvctcnt Sync="TRUE">14507</ptvctcnt></sdtsterm></ptvctinf></spdoinfo><spref><horizsys><cordsysn><geogcsn Sync="TRUE">GCS_WGS_1984</geogcsn></cordsysn><geodetic><horizdn Sync="TRUE">D_WGS_1984</horizdn><ellips Sync="TRUE">WGS_1984</ellips><semiaxis Sync="TRUE">6378137.000000</semiaxis><denflat Sync="TRUE">298.257224</denflat></geodetic><geograph><geogunit Sync="TRUE">Decimal degrees</geogunit><latres Sync="TRUE">0.000000</latres><longres Sync="TRUE">0.000000</longres></geograph></horizsys></spref><refSysInfo><RefSystem><refSysID><identCode Sync="TRUE">GCS_WGS_1984</identCode></refSysID></RefSystem></refSysInfo><spatRepInfo><VectSpatRep><topLvl><TopoLevCd Sync="TRUE" value="001"></TopoLevCd></topLvl><geometObjs Name="bedrock625ll"><geoObjTyp><GeoObjTypCd Sync="TRUE" value="001"></GeoObjTypCd></geoObjTyp><geoObjCnt Sync="TRUE">14507</geoObjCnt></geometObjs></VectSpatRep></spatRepInfo><eainfo><detailed Name="bedrock625ll"><enttyp><enttypl Sync="TRUE">bedrock625ll</enttypl><enttypt Sync="TRUE">Feature Class</enttypt><enttypc Sync="TRUE">14507</enttypc></enttyp><attr><attrlabl Sync="TRUE">FID</attrlabl><attalias Sync="TRUE">FID</attalias><attrtype Sync="TRUE">OID</attrtype><attwidth Sync="TRUE">4</attwidth><atprecis Sync="TRUE">0</atprecis><attscale Sync="TRUE">0</attscale><attrdef Sync="TRUE">Internal feature number.</attrdef><attrdefs Sync="TRUE">ESRI</attrdefs><attrdomv><udom Sync="TRUE">Sequential unique whole numbers that are automatically generated.</udom></attrdomv></attr><attr><attrlabl Sync="TRUE">Shape</attrlabl><attalias Sync="TRUE">Shape</attalias><attrtype Sync="TRUE">Geometry</attrtype><attwidth Sync="TRUE">0</attwidth><atprecis Sync="TRUE">0</atprecis><attscale Sync="TRUE">0</attscale><attrdef Sync="TRUE">Feature geometry.</attrdef><attrdefs Sync="TRUE">ESRI</attrdefs><attrdomv><udom Sync="TRUE">Coordinates defining the features.</udom></attrdomv></attr><attr><attrlabl Sync="TRUE">LEX</attrlabl><attalias Sync="TRUE">LEX</attalias><attrtype Sync="TRUE">String</attrtype><attwidth Sync="TRUE">5</attwidth></attr><attr><attrlabl Sync="TRUE">LEX_D</attrlabl><attalias Sync="TRUE">LEX_D</attalias><attrtype Sync="TRUE">String</attrtype><attwidth Sync="TRUE">200</attwidth></attr><attr><attrlabl Sync="TRUE">LEX_RCS</attrlabl><attalias Sync="TRUE">LEX_RCS</attalias><attrtype Sync="TRUE">String</attrtype><attwidth Sync="TRUE">12</attwidth></attr><attr><attrlabl Sync="TRUE">RCS</attrlabl><attalias Sync="TRUE">RCS</attalias><attrtype Sync="TRUE">String</attrtype><attwidth Sync="TRUE">6</attwidth></attr><attr><attrlabl Sync="TRUE">RCS_X</attrlabl><attalias Sync="TRUE">RCS_X</attalias><attrtype Sync="TRUE">String</attrtype><attwidth Sync="TRUE">50</attwidth></attr><attr><attrlabl Sync="TRUE">RCS_D</attrlabl><attalias Sync="TRUE">RCS_D</attalias><attrtype Sync="TRUE">String</attrtype><attwidth Sync="TRUE">200</attwidth></attr><attr><attrlabl Sync="TRUE">RANK</attrlabl><attalias Sync="TRUE">RANK</attalias><attrtype Sync="TRUE">String</attrtype><attwidth Sync="TRUE">16</attwidth></attr><attr><attrlabl Sync="TRUE">BED_EQ</attrlabl><attalias Sync="TRUE">BED_EQ</attalias><attrtype Sync="TRUE">String</attrtype><attwidth Sync="TRUE">5</attwidth></attr><attr><attrlabl Sync="TRUE">BED_EQ_D</attrlabl><attalias Sync="TRUE">BED_EQ_D</attalias><attrtype Sync="TRUE">String</attrtype><attwidth Sync="TRUE">200</attwidth></attr><attr><attrlabl Sync="TRUE">MB_EQ</attrlabl><attalias Sync="TRUE">MB_EQ</attalias><attrtype Sync="TRUE">String</attrtype><attwidth Sync="TRUE">5</attwidth></attr><attr><attrlabl Sync="TRUE">MB_EQ_D</attrlabl><attalias Sync="TRUE">MB_EQ_D</attalias><attrtype Sync="TRUE">String</attrtype><attwidth Sync="TRUE">200</attwidth></attr><attr><attrlabl Sync="TRUE">FM_EQ</attrlabl><attalias Sync="TRUE">FM_EQ</attalias><attrtype Sync="TRUE">String</attrtype><attwidth Sync="TRUE">5</attwidth></attr><attr><attrlabl Sync="TRUE">FM_EQ_D</attrlabl><attalias Sync="TRUE">FM_EQ_D</attalias><attrtype Sync="TRUE">String</attrtype><attwidth Sync="TRUE">200</attwidth></attr><attr><attrlabl Sync="TRUE">SUBGP_EQ</attrlabl><attalias Sync="TRUE">SUBGP_EQ</attalias><attrtype Sync="TRUE">String</attrtype><attwidth Sync="TRUE">5</attwidth></attr><attr><attrlabl Sync="TRUE">SUBGP_EQ_D</attrlabl><attalias Sync="TRUE">SUBGP_EQ_D</attalias><attrtype Sync="TRUE">String</attrtype><attwidth Sync="TRUE">200</attwidth></attr><attr><attrlabl Sync="TRUE">GP_EQ</attrlabl><attalias Sync="TRUE">GP_EQ</attalias><attrtype Sync="TRUE">String</attrtype><attwidth Sync="TRUE">5</attwidth></attr><attr><attrlabl Sync="TRUE">GP_EQ_D</attrlabl><attalias Sync="TRUE">GP_EQ_D</attalias><attrtype Sync="TRUE">String</attrtype><attwidth Sync="TRUE">200</attwidth></attr><attr><attrlabl Sync="TRUE">SUPGP_EQ</attrlabl><attalias Sync="TRUE">SUPGP_EQ</attalias><attrtype Sync="TRUE">String</attrtype><attwidth Sync="TRUE">5</attwidth></attr><attr><attrlabl Sync="TRUE">SUPGP_EQ_D</attrlabl><attalias Sync="TRUE">SUPGP_EQ_D</attalias><attrtype Sync="TRUE">String</attrtype><attwidth Sync="TRUE">200</attwidth></attr><attr><attrlabl Sync="TRUE">MAX_TIME_D</attrlabl><attalias Sync="TRUE">MAX_TIME_D</attalias><attrtype Sync="TRUE">String</attrtype><attwidth Sync="TRUE">32</attwidth></attr><attr><attrlabl Sync="TRUE">MIN_TIME_D</attrlabl><attalias Sync="TRUE">MIN_TIME_D</attalias><attrtype Sync="TRUE">String</attrtype><attwidth Sync="TRUE">32</attwidth></attr><attr><attrlabl Sync="TRUE">MAX_TIME_Y</attrlabl><attalias Sync="TRUE">MAX_TIME_Y</attalias><attrtype Sync="TRUE">Number</attrtype><attwidth Sync="TRUE">10</attwidth></attr><attr><attrlabl Sync="TRUE">MIN_TIME_Y</attrlabl><attalias Sync="TRUE">MIN_TIME_Y</attalias><attrtype Sync="TRUE">Number</attrtype><attwidth Sync="TRUE">10</attwidth></attr><attr><attrlabl Sync="TRUE">MAX_INDEX</attrlabl><attalias Sync="TRUE">MAX_INDEX</attalias><attrtype Sync="TRUE">Number</attrtype><attwidth Sync="TRUE">10</attwidth></attr><attr><attrlabl Sync="TRUE">MIN_INDEX</attrlabl><attalias Sync="TRUE">MIN_INDEX</attalias><attrtype Sync="TRUE">Number</attrtype><attwidth Sync="TRUE">10</attwidth></attr><attr><attrlabl Sync="TRUE">MAX_AGE</attrlabl><attalias Sync="TRUE">MAX_AGE</attalias><attrtype Sync="TRUE">String</attrtype><attwidth Sync="TRUE">32</attwidth></attr><attr><attrlabl Sync="TRUE">MIN_AGE</attrlabl><attalias Sync="TRUE">MIN_AGE</attalias><attrtype Sync="TRUE">String</attrtype><attwidth Sync="TRUE">32</attwidth></attr><attr><attrlabl Sync="TRUE">MAX_EPOCH</attrlabl><attalias Sync="TRUE">MAX_EPOCH</attalias><attrtype Sync="TRUE">String</attrtype><attwidth Sync="TRUE">32</attwidth></attr><attr><attrlabl Sync="TRUE">MIN_EPOCH</attrlabl><attalias Sync="TRUE">MIN_EPOCH</attalias><attrtype Sync="TRUE">String</attrtype><attwidth Sync="TRUE">32</attwidth></attr><attr><attrlabl Sync="TRUE">MAX_SUBPER</attrlabl><attalias Sync="TRUE">MAX_SUBPER</attalias><attrtype Sync="TRUE">String</attrtype><attwidth Sync="TRUE">32</attwidth></attr><attr><attrlabl Sync="TRUE">MIN_SUBPER</attrlabl><attalias Sync="TRUE">MIN_SUBPER</attalias><attrtype Sync="TRUE">String</attrtype><attwidth Sync="TRUE">32</attwidth></attr><attr><attrlabl Sync="TRUE">MAX_PERIOD</attrlabl><attalias Sync="TRUE">MAX_PERIOD</attalias><attrtype Sync="TRUE">String</attrtype><attwidth Sync="TRUE">32</attwidth></attr><attr><attrlabl Sync="TRUE">MIN_PERIOD</attrlabl><attalias Sync="TRUE">MIN_PERIOD</attalias><attrtype Sync="TRUE">String</attrtype><attwidth Sync="TRUE">32</attwidth></attr><attr><attrlabl Sync="TRUE">MAX_ERA</attrlabl><attalias Sync="TRUE">MAX_ERA</attalias><attrtype Sync="TRUE">String</attrtype><attwidth Sync="TRUE">32</attwidth></attr><attr><attrlabl Sync="TRUE">MIN_ERA</attrlabl><attalias Sync="TRUE">MIN_ERA</attalias><attrtype Sync="TRUE">String</attrtype><attwidth Sync="TRUE">32</attwidth></attr><attr><attrlabl Sync="TRUE">MAX_EON</attrlabl><attalias Sync="TRUE">MAX_EON</attalias><attrtype Sync="TRUE">String</attrtype><attwidth Sync="TRUE">32</attwidth></attr><attr><attrlabl Sync="TRUE">MIN_EON</attrlabl><attalias Sync="TRUE">MIN_EON</attalias><attrtype Sync="TRUE">String</attrtype><attwidth Sync="TRUE">32</attwidth></attr><attr><attrlabl Sync="TRUE">PREV_NAME</attrlabl><attalias Sync="TRUE">PREV_NAME</attalias><attrtype Sync="TRUE">String</attrtype><attwidth Sync="TRUE">250</attwidth></attr><attr><attrlabl Sync="TRUE">BGSTYPE</attrlabl><attalias Sync="TRUE">BGSTYPE</attalias><attrtype Sync="TRUE">String</attrtype><attwidth Sync="TRUE">32</attwidth></attr><attr><attrlabl Sync="TRUE">LEX_RCS_I</attrlabl><attalias Sync="TRUE">LEX_RCS_I</attalias><attrtype Sync="TRUE">String</attrtype><attwidth Sync="TRUE">20</attwidth></attr><attr><attrlabl Sync="TRUE">LEX_RCS_D</attrlabl><attalias Sync="TRUE">LEX_RCS_D</attalias><attrtype Sync="TRUE">String</attrtype><attwidth Sync="TRUE">100</attwidth></attr><attr><attrlabl Sync="TRUE">MAP_CODE</attrlabl><attalias Sync="TRUE">MAP_CODE</attalias><attrtype Sync="TRUE">String</attrtype><attwidth Sync="TRUE">10</attwidth></attr><attr><attrlabl Sync="TRUE">AGE_ONEGL</attrlabl><attalias Sync="TRUE">AGE_ONEGL</attalias><attrtype Sync="TRUE">String</attrtype><attwidth Sync="TRUE">32</attwidth></attr><attr><attrlabl Sync="TRUE">BGSREF</attrlabl><attalias Sync="TRUE">BGSREF</attalias><attrtype Sync="TRUE">Number</attrtype><attwidth Sync="TRUE">10</attwidth></attr><attr><attrlabl Sync="TRUE">BGSREF_LEX</attrlabl><attalias Sync="TRUE">BGSREF_LEX</attalias><attrtype Sync="TRUE">Number</attrtype><attwidth Sync="TRUE">10</attwidth></attr><attr><attrlabl Sync="TRUE">BGSREF_FM</attrlabl><attalias Sync="TRUE">BGSREF_FM</attalias><attrtype Sync="TRUE">Number</attrtype><attwidth Sync="TRUE">10</attwidth></attr><attr><attrlabl Sync="TRUE">BGSREF_GP</attrlabl><attalias Sync="TRUE">BGSREF_GP</attalias><attrtype Sync="TRUE">Number</attrtype><attwidth Sync="TRUE">10</attwidth></attr><attr><attrlabl Sync="TRUE">BGSREF_RK</attrlabl><attalias Sync="TRUE">BGSREF_RK</attalias><attrtype Sync="TRUE">Number</attrtype><attwidth Sync="TRUE">10</attwidth></attr><attr><attrlabl Sync="TRUE">SHEET</attrlabl><attalias Sync="TRUE">SHEET</attalias><attrtype Sync="TRUE">String</attrtype><attwidth Sync="TRUE">60</attwidth></attr><attr><attrlabl Sync="TRUE">VERSION</attrlabl><attalias Sync="TRUE">VERSION</attalias><attrtype Sync="TRUE">String</attrtype><attwidth Sync="TRUE">10</attwidth></attr><attr><attrlabl Sync="TRUE">RELEASED</attrlabl><attalias Sync="TRUE">RELEASED</attalias><attrtype Sync="TRUE">String</attrtype><attwidth Sync="TRUE">10</attwidth></attr><attr><attrlabl Sync="TRUE">NOM_SCALE</attrlabl><attalias Sync="TRUE">NOM_SCALE</attalias><attrtype Sync="TRUE">String</attrtype><attwidth Sync="TRUE">10</attwidth></attr><attr><attrlabl Sync="TRUE">NOM_OS_YR</attrlabl><attalias Sync="TRUE">NOM_OS_YR</attalias><attrtype Sync="TRUE">String</attrtype><attwidth Sync="TRUE">10</attwidth></attr><attr><attrlabl Sync="TRUE">NOM_BGS_YR</attrlabl><attalias Sync="TRUE">NOM_BGS_YR</attalias><attrtype Sync="TRUE">String</attrtype><attwidth Sync="TRUE">10</attwidth></attr><attr><attrlabl Sync="TRUE">MSLINK</attrlabl><attalias Sync="TRUE">MSLINK</attalias><attrtype Sync="TRUE">Number</attrtype><attwidth Sync="TRUE">10</attwidth></attr></detailed></eainfo><mdDateSt Sync="TRUE">20080414</mdDateSt><dataqual><posacc><horizpa><qhorizpa><horizpav>+-625m</horizpav><horizpae>The data is nominally at 1:625000 scale. The value also reflects geological uncertainty and variable quality of source mapping.</horizpae></qhorizpa></horizpa></posacc><lineage><procstep><procdesc Sync="TRUE">Dataset copied.</procdesc><srcused Sync="TRUE"></srcused><date Sync="TRUE">20080404</date><time Sync="TRUE">11180000</time></procstep><procstep><procdesc Sync="TRUE">Dataset copied.</procdesc><srcused Sync="TRUE">P:\kama\bedrock625ll</srcused><date Sync="TRUE">20080710</date><time Sync="TRUE">11163000</time></procstep></lineage></dataqual></metadata>
